--Values for STUDENT_DETAILS
INSERT INTO Student_Details VALUES ('Aditi Sharma', '21BCE1001', 'SCOPE', 'CSE', 'aditi.sharma@gmail.com', '9876543210');
INSERT INTO Student_Details VALUES ('Rahul Verma', '21BCE1002', 'SCOPE', 'CSE', 'rahul.verma@gmail.com', '8765432109');
INSERT INTO Student_Details VALUES ('Priya Patel', '21BME1003', 'SMEC', 'Mechanical', 'priya.patel@gmail.com', '7654321098');
INSERT INTO Student_Details VALUES ('Kunal Singh', '21BEE1004', 'SELECT', 'EEE', 'kunal.singh@gmail.com', '6543210987');
INSERT INTO Student_Details VALUES ('Neha Gupta', '21BCE1005', 'SCOPE', 'IT', 'neha.gupta@gmail.com', '5432109876');

--Values for MARKS
INSERT INTO Marks VALUES ('Aditi Sharma', '21BCE1001', 85, 92, 88, 95, 90);
INSERT INTO Marks VALUES ('Rahul Verma', '21BCE1002', 78, 81, 75, 88, 82);
INSERT INTO Marks VALUES ('Priya Patel', '21BME1003', 90, 85, 92, 89, 94);
INSERT INTO Marks VALUES ('Kunal Singh', '21BEE1004', 65, 70, 68, 75, 72);
INSERT INTO Marks VALUES ('Neha Gupta', '21BCE1005', 95, 98, 96, 99, 97);

--Values for PROCTOR_DETAILS
INSERT INTO Proctor_Details VALUES ('Aditi Sharma', '21BCE1001', 'Dr. Rajesh Kumar', 'rajesh.k@gmail.com', '9988776655');
INSERT INTO Proctor_Details VALUES ('Rahul Verma', '21BCE1002', 'Dr. Rajesh Kumar', 'rajesh.k@gmail.com', '9988776655');
INSERT INTO Proctor_Details VALUES ('Priya Patel', '21BME1003', 'Dr. Anita Desai', 'anita.d@gmail.com', '8877665544');
INSERT INTO Proctor_Details VALUES ('Kunal Singh', '21BEE1004', 'Prof. Vikram Seth', 'vikram.s@gmail.com', '7766554433');
INSERT INTO Proctor_Details VALUES ('Neha Gupta', '21BCE1005', 'Dr. Anita Desai', 'anita.d@gmail.com', '8877665544');

--Values for PARENTS_DETAILS
INSERT INTO Parents_Details VALUES ('Aditi Sharma', '21BCE1001', 'Anil Sharma', 'anil.s@gmail.com', '9123456780', 'Sunita Sharma', 'sunita.s@gmail.com', '9123456781', 'New Delhi');
INSERT INTO Parents_Details VALUES ('Rahul Verma', '21BCE1002', 'Sanjay Verma', 'sanjay.v@gmail.com', '8123456780', 'Kavita Verma', 'kavita.v@gmail.com', '8123456781', 'Jaipur');
INSERT INTO Parents_Details VALUES ('Priya Patel', '21BME1003', 'Rakesh Patel', 'rakesh.p@gmail.com', '7123456780', 'Meera Patel', 'meera.p@gmail.com', '7123456781', 'Ahmedabad');
INSERT INTO Parents_Details VALUES ('Kunal Singh', '21BEE1004', 'Vijay Singh', 'vijay.s@gmail.com', '6123456780', 'Pooja Singh', 'pooja.s@gmail.com', '6123456781', 'Lucknow');
INSERT INTO Parents_Details VALUES ('Neha Gupta', '21BCE1005', 'Amit Gupta', 'amit.g@gmail.com', '5123456780', 'Rekha Gupta', 'rekha.g@gmail.com', '5123456781', 'Pune');